{"cameraMode":{"drawMode":0,"name":"Shaded","section":"Shading Mode"},"sceneLighting":true,"audioPlay":false,"sceneViewState":{"m_AlwaysRefresh":false,"showFog":true,"showSkybox":true,"showFlares":true,"showImageEffects":true,"showParticleSystems":true,"showVisualEffectGraphs":true,"m_FxEnabled":true},"in2DMode":false,"pivot":{"x":0.49416542053222659,"y":5.37327241897583,"z":1.5202655792236329},"rotation":{"x":-0.15386027097702027,"y":-0.018370404839515687,"z":0.0028596799820661546,"w":-0.9879230856895447},"size":11.890378952026368,"orthographic":true}