{"cameraMode":{"drawMode":0,"name":"Shaded","section":"Shading Mode"},"sceneLighting":true,"audioPlay":false,"sceneViewState":{"m_AlwaysRefresh":false,"showFog":true,"showSkybox":true,"showFlares":true,"showImageEffects":true,"showParticleSystems":true,"showVisualEffectGraphs":true,"m_FxEnabled":true},"in2DMode":false,"pivot":{"x":-0.15340232849121095,"y":-1.3755638599395753,"z":-0.6616973876953125},"rotation":{"x":-0.35252276062965395,"y":-0.07599344104528427,"z":0.02872328646481037,"w":-0.9323045611381531},"size":8.13619613647461,"orthographic":false}