{"cameraMode":{"drawMode":0,"name":"Shaded","section":"Shading Mode"},"sceneLighting":true,"audioPlay":false,"sceneViewState":{"m_AlwaysRefresh":false,"showFog":true,"showSkybox":true,"showFlares":true,"showImageEffects":true,"showParticleSystems":true,"showVisualEffectGraphs":true,"m_FxEnabled":true},"in2DMode":false,"pivot":{"x":-0.7944738864898682,"y":0.022089481353759767,"z":0.6359653472900391},"rotation":{"x":0.20112048089504243,"y":0.005873272195458412,"z":-0.0012358230305835605,"w":0.9795742630958557},"size":10.993427276611329,"orthographic":false}